[
  {
    "name": "xss task",
    "id": "com.camunda.example.xss",
    "appliesTo": [
      "bpmn:Task"
    ],
    "properties": [
      {
        "label": "\"><img height=100 width=100 src='data:image/svg+xml;base64,PHN2ZyB4bWxucz0iaHR0cDovL3d3dy53My5vcmcvMjAwMC9zdmciIHZpZXdCb3g9IjAgMCA5NjAg%0D%0AOTYwIj48cGF0aCBmaWxsPSIjZmZmIiBkPSJNOTYwIDYwdjgzOWMwIDMzLTI3IDYxLTYwIDYxSDYw%0D%0AYy0zMyAwLTYwLTI3LTYwLTYwVjYwQzAgMjcgMjcgMCA2MCAwaDgzOWMzNCAwIDYxIDI3IDYxIDYw%0D%0AeiIvPjxwYXRoIGZpbGw9IiM1MmI0MTUiIGQ9Ik0yMTcgNTQ4YTIwNSAyMDUgMCAwIDAtMTQ0IDU4%0D%0AIDIwMiAyMDIgMCAwIDAtNCAyODYgMjAyIDIwMiAwIDAgMCAyODUgMyAyMDAgMjAwIDAgMCAwIDQ4%0D%0ALTIxOSAyMDMgMjAzIDAgMCAwLTE4NS0xMjh6TTc1MiA2YTIwNiAyMDYgMCAwIDAtMTkyIDI4NSAy%0D%0AMDYgMjA2IDAgMCAwIDI2OSAxMTEgMjA3IDIwNyAwIDAgMCAxMTEtMjYwQTIwNCAyMDQgMCAwIDAg%0D%0ANzUyIDZ6TTYyIDBBNjIgNjIgMCAwIDAgMCA2MnYzOThsNjAgNDZhMjU5IDI1OSAwIDAgMSA4OS0z%0D%0ANmM1LTI4IDEwLTU3IDE0LTg1bDk5IDIgMTIgODVhMjQ2IDI0NiAwIDAgMSA4OCAzOGw3MC01MiA2%0D%0AOSA3MS01MiA2OGMxNyAzMCAyOSA1OCAzNSA5MGw4NiAxNC0yIDEwMC04NiAxMmEyNDAgMjQwIDAg%0D%0AMCAxLTM4IDg5bDQzIDU4aDQxM2MzNyAwIDYwLTI3IDYwLTYxVjQwN2EyMjAgMjIwIDAgMCAxLTQ0%0D%0AIDQwbDIxIDg1LTkzIDM5LTQ1LTc2YTI1OCAyNTggMCAwIDEtOTggMWwtNDUgNzYtOTQtMzkgMjIt%0D%0AODVhMjk4IDI5OCAwIDAgMS03MC02OWwtODYgMjItMzgtOTQgNzYtNDVhMjU4IDI1OCAwIDAgMS0x%0D%0ALTk4bC03Ni00NSA0MC05NCA4NSAyMmEyNzEgMjcxIDAgMCAxIDQxLTQ3eiIvPjwvc3ZnPg=='>",
        "description": "[CLICK ME!](javascript:alert(1))",
        "type": "String",
        "value": "\"><img height=100 width=100 src='data:image/svg+xml;base64,PHN2ZyB4bWxucz0iaHR0cDovL3d3dy53My5vcmcvMjAwMC9zdmciIHZpZXdCb3g9IjAgMCA5NjAg%0D%0AOTYwIj48cGF0aCBmaWxsPSIjZmZmIiBkPSJNOTYwIDYwdjgzOWMwIDMzLTI3IDYxLTYwIDYxSDYw%0D%0AYy0zMyAwLTYwLTI3LTYwLTYwVjYwQzAgMjcgMjcgMCA2MCAwaDgzOWMzNCAwIDYxIDI3IDYxIDYw%0D%0AeiIvPjxwYXRoIGZpbGw9IiM1MmI0MTUiIGQ9Ik0yMTcgNTQ4YTIwNSAyMDUgMCAwIDAtMTQ0IDU4%0D%0AIDIwMiAyMDIgMCAwIDAtNCAyODYgMjAyIDIwMiAwIDAgMCAyODUgMyAyMDAgMjAwIDAgMCAwIDQ4%0D%0ALTIxOSAyMDMgMjAzIDAgMCAwLTE4NS0xMjh6TTc1MiA2YTIwNiAyMDYgMCAwIDAtMTkyIDI4NSAy%0D%0AMDYgMjA2IDAgMCAwIDI2OSAxMTEgMjA3IDIwNyAwIDAgMCAxMTEtMjYwQTIwNCAyMDQgMCAwIDAg%0D%0ANzUyIDZ6TTYyIDBBNjIgNjIgMCAwIDAgMCA2MnYzOThsNjAgNDZhMjU5IDI1OSAwIDAgMSA4OS0z%0D%0ANmM1LTI4IDEwLTU3IDE0LTg1bDk5IDIgMTIgODVhMjQ2IDI0NiAwIDAgMSA4OCAzOGw3MC01MiA2%0D%0AOSA3MS01MiA2OGMxNyAzMCAyOSA1OCAzNSA5MGw4NiAxNC0yIDEwMC04NiAxMmEyNDAgMjQwIDAg%0D%0AMCAxLTM4IDg5bDQzIDU4aDQxM2MzNyAwIDYwLTI3IDYwLTYxVjQwN2EyMjAgMjIwIDAgMCAxLTQ0%0D%0AIDQwbDIxIDg1LTkzIDM5LTQ1LTc2YTI1OCAyNTggMCAwIDEtOTggMWwtNDUgNzYtOTQtMzkgMjIt%0D%0AODVhMjk4IDI5OCAwIDAgMS03MC02OWwtODYgMjItMzgtOTQgNzYtNDVhMjU4IDI1OCAwIDAgMS0x%0D%0ALTk4bC03Ni00NSA0MC05NCA4NSAyMmEyNzEgMjcxIDAgMCAxIDQxLTQ3eiIvPjwvc3ZnPg=='>",
        "binding": {
          "type": "camunda:outputParameter",
          "source": "${ source }"
        }
      }
    ]
  },
  {
    "name": "\"><img src=1 onerror=alert(1)>",
    "id": "com.camunda.example.xss.img",
    "appliesTo": [
      "bpmn:StartEvent"
    ],
    "properties": [
      {
        "label": "\"><img src=1 onerror=alert(1)>",
        "description": "\"><img height=100 width=100 src='data:image/svg+xml;base64,PHN2ZyB4bWxucz0iaHR0cDovL3d3dy53My5vcmcvMjAwMC9zdmciIHZpZXdCb3g9IjAgMCA5NjAg%0D%0AOTYwIj48cGF0aCBmaWxsPSIjZmZmIiBkPSJNOTYwIDYwdjgzOWMwIDMzLTI3IDYxLTYwIDYxSDYw%0D%0AYy0zMyAwLTYwLTI3LTYwLTYwVjYwQzAgMjcgMjcgMCA2MCAwaDgzOWMzNCAwIDYxIDI3IDYxIDYw%0D%0AeiIvPjxwYXRoIGZpbGw9IiM1MmI0MTUiIGQ9Ik0yMTcgNTQ4YTIwNSAyMDUgMCAwIDAtMTQ0IDU4%0D%0AIDIwMiAyMDIgMCAwIDAtNCAyODYgMjAyIDIwMiAwIDAgMCAyODUgMyAyMDAgMjAwIDAgMCAwIDQ4%0D%0ALTIxOSAyMDMgMjAzIDAgMCAwLTE4NS0xMjh6TTc1MiA2YTIwNiAyMDYgMCAwIDAtMTkyIDI4NSAy%0D%0AMDYgMjA2IDAgMCAwIDI2OSAxMTEgMjA3IDIwNyAwIDAgMCAxMTEtMjYwQTIwNCAyMDQgMCAwIDAg%0D%0ANzUyIDZ6TTYyIDBBNjIgNjIgMCAwIDAgMCA2MnYzOThsNjAgNDZhMjU5IDI1OSAwIDAgMSA4OS0z%0D%0ANmM1LTI4IDEwLTU3IDE0LTg1bDk5IDIgMTIgODVhMjQ2IDI0NiAwIDAgMSA4OCAzOGw3MC01MiA2%0D%0AOSA3MS01MiA2OGMxNyAzMCAyOSA1OCAzNSA5MGw4NiAxNC0yIDEwMC04NiAxMmEyNDAgMjQwIDAg%0D%0AMCAxLTM4IDg5bDQzIDU4aDQxM2MzNyAwIDYwLTI3IDYwLTYxVjQwN2EyMjAgMjIwIDAgMCAxLTQ0%0D%0AIDQwbDIxIDg1LTkzIDM5LTQ1LTc2YTI1OCAyNTggMCAwIDEtOTggMWwtNDUgNzYtOTQtMzkgMjIt%0D%0AODVhMjk4IDI5OCAwIDAgMS03MC02OWwtODYgMjItMzgtOTQgNzYtNDVhMjU4IDI1OCAwIDAgMS0x%0D%0ALTk4bC03Ni00NSA0MC05NCA4NSAyMmEyNzEgMjcxIDAgMCAxIDQxLTQ3eiIvPjwvc3ZnPg=='>",
        "type": "String",
        "value": "\"><img height=100 width=100 src='data:image/svg+xml;base64,PHN2ZyB4bWxucz0iaHR0cDovL3d3dy53My5vcmcvMjAwMC9zdmciIHZpZXdCb3g9IjAgMCA5NjAg%0D%0AOTYwIj48cGF0aCBmaWxsPSIjZmZmIiBkPSJNOTYwIDYwdjgzOWMwIDMzLTI3IDYxLTYwIDYxSDYw%0D%0AYy0zMyAwLTYwLTI3LTYwLTYwVjYwQzAgMjcgMjcgMCA2MCAwaDgzOWMzNCAwIDYxIDI3IDYxIDYw%0D%0AeiIvPjxwYXRoIGZpbGw9IiM1MmI0MTUiIGQ9Ik0yMTcgNTQ4YTIwNSAyMDUgMCAwIDAtMTQ0IDU4%0D%0AIDIwMiAyMDIgMCAwIDAtNCAyODYgMjAyIDIwMiAwIDAgMCAyODUgMyAyMDAgMjAwIDAgMCAwIDQ4%0D%0ALTIxOSAyMDMgMjAzIDAgMCAwLTE4NS0xMjh6TTc1MiA2YTIwNiAyMDYgMCAwIDAtMTkyIDI4NSAy%0D%0AMDYgMjA2IDAgMCAwIDI2OSAxMTEgMjA3IDIwNyAwIDAgMCAxMTEtMjYwQTIwNCAyMDQgMCAwIDAg%0D%0ANzUyIDZ6TTYyIDBBNjIgNjIgMCAwIDAgMCA2MnYzOThsNjAgNDZhMjU5IDI1OSAwIDAgMSA4OS0z%0D%0ANmM1LTI4IDEwLTU3IDE0LTg1bDk5IDIgMTIgODVhMjQ2IDI0NiAwIDAgMSA4OCAzOGw3MC01MiA2%0D%0AOSA3MS01MiA2OGMxNyAzMCAyOSA1OCAzNSA5MGw4NiAxNC0yIDEwMC04NiAxMmEyNDAgMjQwIDAg%0D%0AMCAxLTM4IDg5bDQzIDU4aDQxM2MzNyAwIDYwLTI3IDYwLTYxVjQwN2EyMjAgMjIwIDAgMCAxLTQ0%0D%0AIDQwbDIxIDg1LTkzIDM5LTQ1LTc2YTI1OCAyNTggMCAwIDEtOTggMWwtNDUgNzYtOTQtMzkgMjIt%0D%0AODVhMjk4IDI5OCAwIDAgMS03MC02OWwtODYgMjItMzgtOTQgNzYtNDVhMjU4IDI1OCAwIDAgMS0x%0D%0ALTk4bC03Ni00NSA0MC05NCA4NSAyMmEyNzEgMjcxIDAgMCAxIDQxLTQ3eiIvPjwvc3ZnPg=='>",
        "binding": {
          "type": "camunda:outputParameter",
          "source": "${ source }"
        }
      }
    ]
  }
]
